IYEAR,COMM,LOSS,LATITUDE,LONGITUDE
2002,CRUDE OIL,10.0,33.03.607,097.35.244
2002,CRUDE OIL,12.0,36 02.635 N,107 36.852W
2002,CRUDE OIL,300.0,35 25' 54.61,98 56' 37.7
2002,CRUDE OIL,15.0,35 03.45N,119 03.53W
2002,CRUDE OIL,150.0,N32 00207,W 102 02.433
2002,PETROLEUM CRUDE OIL,1.0,37 02' 43,101 31' 17W
2002,CRUDE OIL,10.0,N34 59 07.1,W101 48 58.1
2002,CRUDE OIL,18.0,38 37 20,94 30 30
2002,PETROLEUM CRUDE OIL,7.0,N36 58.757',W 100 56.699'
2002,CRUDE OIL,1.0,2920015,08938214
2002,CRUDE OIL,40.0,N 31 15.894,W 100 48.795
2002,CRUDE OIL,10.0,"46* 41' 17""","-92* 3' 25"""
2002,CRUDE OIL,50.0,47° 22' 40,-95° 24' 44
2002,CRUDE OIL,1.0,47° 22 40,-94° 38' 17
2002,CRUDE OIL,50.0,47° 22' 40,-94° 38' 15
2002,CRUDE OIL,35.0,35-30.58 N,098-31.304W
2002,PETROLEUM CRUDE OIL,20.0,33 17' 29,98.26' 15
2002,CRUDE OIL,30.0,W 118 12.602',N 33 46.144'
2002,CRUDE OIL,633.0,43 03.65'N,106 35.24'W
2002,CRUDE OIL,35.0,N33 0.44',W102 58.542'
2002,CRUDE OIL,600.0,N33 3' 20.4,W 99 56' 33.3
2002,CRUDE OIL,180.0,47 14.7,-95.8386
2002,CRUDE OIL,450.0,25.690,37.431
2002,CRUDE OIL,85.0,36 38' 46 N,101 20' 59W
2002,CRUDE OIL,1.0,46° 41' 30,-92° 03' 35
2002,CRUDE OIL,1.0,35 -29.238,098 -38.901
2002,CRUDE OIL,4.0,W 0-97 46.165,N&S 34 27.799
2002,CRUDE OIL,1800.0,29.5278N,90.1948W
2002,CRUDE OIL,25.0,37.1841,-88.8882
2002,PETROLEUM CRUDE OIL,600.0,N34 D 30.653',W97 24.458'
2002,MID-CONTINENT SWEET CRUDE OIL,3261.0,N38.819432,W 90.018871
2002,PETROLEUM CRUDE OIL,75.0,N 35D 6.718',W 97D 3.307'
2002,CRUDE OIL,1.0,N 33 47.093',W100 03.251'
2002,CRUDE OIL,50.0,31 51' 38N,099 14' 16W
2002,CRUDE OIL,4.0,34.209612,-97.544302
2002,CRUDE OIL,10.0,26  28.40N,108  07.61W
2002,CRUDE OIL,10.0,W29 13' 13,N89 23' 46
2002,CRUDE OIL,20.0,39 59' 516N,"95 59' 431""W"
2002,CRUDE OIL,270.0,97 31.2 W,27 50.1N
2002,CRUDE OIL,10.0,97 31.2 W,27 50.1 N
2002,CRUDE OIL,100.0,36 10.64 N,108 20.50 W
2002,CRUDE OIL,1.0,N 31 14' 7,W89 15' 5'
2002,CRUDE OIL,1050.0,N27 49' 56,W 97 89' 85
2002,CRUDE OIL,75.0,"N27 48' 93""","W 97 28' 13"""
2002,CRUDE OIL,45.0,42.13.30N,104.41.11W
2002,CRUDE OIL,20.0,39.83771667,84.46466667
2002,CRUDE OIL,10.0,35.2634,-119.0743
2002,CRUDE OIL,3.0,N 35 51.519,W 097 14.832
2002,CRUDE OIL,9.0,N 34 29.042,W 97 32.902
2002,PETROLEUM CRUDE OIL,42.0,37 48' 09 N,97 22' 22
2002,PETROLEUM CRUDE OIL,1.0,37 48' 03 N,97 22' 17 W
2002,CRUDE OIL,20.0,N 32 29.202,W 94 50.789
2002,PETROLEUM CRUDE OIL,50.0,37 52'.12N,97 13'.55W
2002,CRUDE OIL,21.0,37 02'.730,101 51'.287W
2002,CRUDE OIL,14.0,44.816077,-108.49986
2002,CRUDE OIL,1.0,N 35 04.016,W 097 25.352
2002,CRUDE OIL,6000.0,47° 16' 9,-93° 38' 10
2002,CRUDE OIL,25.0,-95.2847,29.7951
2002,CRUDE OIL,10.0,37.9784,122.0302
2002,CRUDE OIL,30.0,35 16',119 20'
2002,CRUDE OIL,2.0,35 03.3',119 18.6'
2002,CRUDE OIL,4.0,N30 44.685,W 101 40.865
2002,CRUDE OIL,63.0,84'00'46.335,118'05'40.683
2002,CRUDE OIL,2.0,35.9555,-96.7535
2002,CRUDE OIL,15.0,25.647,37.353
2002,CRUDE OIL SOUR,2.0,N32.41.304,W102.38.855
2002,CRUDE OIL,7.0,-120.35,36.18
2002,CRUDE OIL,500.0,N36 09.630',W 108 20.918'
2002,CRUDE OIL & NAPTHA,20.0,43 14 MIN 57.43 SEC,93 21 MIN 34.22
2002,CRUDE OIL,50.0,35 28.363 MIN.N,98 44.160 MIN.W
2002,CRUDE OIL,5.0,36.270853,-101.513192
2002,CRUDE OIL,15.0,34.202118,-97.346260
2002,CRUDE OIL,2.0,N 31 52.463,W 88 59.423
2002,CRUDE OIL,5.0,31 42.652 N,89 53.561 W
2002,PETROLEUM CRUDE OIL,7.0,2943664,9035589
2002,CRUDE OIL,12.0,300712,914867
2002,CRUDE OIL,50.0,N37 15984',W109 18493'
2002,CRUDE OIL,5.0,37 08.02N,099 34.85W
2002,CRUDE OIL,5.0,33.913479,-98.434921
2002,CRUDE OIL,1.0,"29.13'.13""","89.23'.46"""
2002,CRUDE OIL,8.0,"41° 37' 31""","-86° 51' 26"""
2002,PETROLEUM CRUDE OIL,10.0,35.9410324,-96.7450943
2002,PETROLEUM CRUDE OIL,8.0,35.9796638,-96.5902252
2002,CRUDE OIL,3.0,N 30.02.842,W94.04.124
2002,CRUDE OIL,4.0,33D 48 11,118D 15 23
2002,CRUDE OIL,30.0,N31 36.075,W100 52.158
2002,CRUDE OIL,30.0,N34 22.95',"W100, 15.774"
2002,CRUDE OIL,30.0,N31 29.463,W100 52.308
2002,CRUDE OIL,6.0,N34 DEG 12.557,W97 DEG 32.629
2002,WATER/ CRUDE OIL MIX,5.0,33 DEG 48 MIN 9 SEC,118DEG 14MIN 9SEC
2002,CRUDE OIL,5.0,33.912909,-98.435656
2002,CRUDE OIL,1.0,46 49 MIN 12.89 SEC,-95 8 MIN 29.25 SEC
2002,CRUDE OIL,40.0,"N31 47"" 501'","W103 08"" 039'"
2002,CRUDE OIL,21.0,43.3694077,106.2761688
2002,CRUDE OIL,20.0,N34DEG 23.469 MIN,W097 DEG28.419MIN
2002,CRUDE OIL,3.0,36.049,120.1975
2002,CRUDE OIL,4.0,"46° 55' 40""","-92° 55' 59"""
2002,CRUDE OIL,3.0,27.74784,-97.75408
2002,CRUDE OIL,1.0,41.24600N,87.59450W
2002,CRUDE OIL,8.0,41.22181667N,83.64200000W
2002,CRUDE OIL,7.0,27 24.3' N,"98 5.8"" W"
2002,CRUDE OIL,21.0,N33 54.763',W117 54.941'
2002,CRUDE OIL,3.0,29.99682,93.9924
2002,CRUDE OIL,2.0,29.99935,94.06941
2002,CRUDE OIL,2.0,"46° 41' 21""","92° 03' 30"""
2002,CRUDE OIL,25.0,38.516523N,88.496286W
2002,CRUDE OIL,10.0,32.28.817,94.50.183
2002,CRUDE OIL,100.0,30 9' 12,93 19' 55
2002,CRUDE OIL,30.0,N36 0 14 87,W-96 44 53.88
2002,CRUDE OIL,1.0,30.02.842,94.04.124
2002,CRUDE OIL,4.0,10.42 58,20.107 16
2002,CRUDE OIL,10.0,N31 46.037,W103 10.134
2002,CRUDE OIL,2.0,N29.59.52,W90.58.32
2002,CRUDE OIL,30.0,43 14.5743,93 21 34.22
2002,CRUDE OIL,126.0,43.4109,W107.5352
2003,CRUDE OIL,1.0,42.51.134,W106.21.405
2002,CRUDE OIL,3.0,"41° 48' 33""","-86° 10' 32"""
2002,CRUDE OIL,4.0,35 N,96 W
2002,CRUDE OIL,30.0,"N 36 25' 41.3""","W 100 13'9.1"""
2002,CRUDE OIL,3.0,35.56721,96.45563
2002,CRUDE OIL,32.0,N32.16.979,W101.11.444
2002,CRUDE OIL,1.0,43° 56' 59,-89° 41' 4
2002,CRUDE OIL,67.0,29-49-58.02N,94-53-8.07W
2002,CRUDE OIL,125.0,30.03297N,97.14725W
2002,CRUDE OIL,10.0,N34D53.619,W99D2.250
2003,CRUDE OIL,58.0,37 03' 38N,102 00' 33W
2003,CRUDE OIL,4.0,43.08038,W 106.09379
2003,CRUDE OIL,42.0,33 56 10,98 29 47.5
2003,CRUDE OIL,160.0,29-11.958,90-36.113
2003,CRUDE OIL,4.0,41.0396,W111.0337
2002,CRUDE OIL,5.0,N37.48226,W96.54913
2003,CRUDE OIL,1.0,N32.06.140,W96.16.105
2003,SAN JOAQUIN VALLEY CRUDE OIL,9.0,N35.26.101,W119.40.922
2003,CRUDE OIL,2.0,38.82763,-90.08821
2003,CRUDE OIL,2.0,45 41MIN,-93.59MIN 37 12 SEC
2003,CRUDE OIL,5.0,N39 53.79',W75 15.57'
2003,CRUDE OIL,4500.0,46° 41' 30,-92° 03' 35
2003,CRUDE OIL,9762.0,31.84126,104.70421
2003,CRUDE OIL,350.0,42.3398361 N,W 110.2831955
2003,CRUDE OIL,2.0,44 49 MIN 41 SEC,-92.58 3017 SEC
2003,CRUDE OIL,300.0,29-03-18.88,89-18-26.77
2003,CRUDE OIL,1.0,"N 31 0' 49.8""","W 89 19'44.7"""
2003,CRUDE OIL,130.0,"41° 48' 24""","-83° 36' 00"""
2003,CRUDE OIL,1.0,"47° 41' 20""","-95° 24' 44"""
2003,CRUDE OIL,995.0,29.24.22,89.47.00
2003,CRUDE OIL,22.0,42.54.760,W 106.21.607
2003,CRUDE OIL,20.0,35.99869,-96.57578
2003,CRUDE OIL,20.0,35.9467,-96.76288
2003,SAN JOAQUIN VALLEY CRUDE OIL,20.0,34.55.109,118.55.652
2003,PETROLEUM CRUDE OIL,95.0,38.20'24',98.18'42
2003,CRUDE OIL,2.0,"29.07'45""","95.41'34"""
2003,CRUDE OIL,5.0,"30 55' 18""","94-34' 03"""
2003,CRUDE OIL,21.0,N36 55'38.8,W96 03'8.25
2003,CRUDE OIL,362.0,35.967253,-101.610418
2003,CRUDE OIL,230.0,N42.11.15,W104.57.05
2003,CRUDE OIL,2.0,3344000 MN,315000ME
2003,CRUDE OIL,15.0,N41DEG26.07',W87DEG43.706'
2003,PETROLEUM CRUDE OIL,10.0,37 0650N,100 57.28W
2003,CRUDE OIL,1.0,47 41 MIN 14.7 SEC,-95 24 MIN 83.86 SEC
2002,CRUDE OIL,21.0,29.38.19N,94.56.58W
2003,CRUDE OIL,2.0,N33 46.280',W118 15.550'
2003,CRUDE OIL,250.0,"32 45' 29""N","101 56' 48.8""W"
2003,CRUDE OIL,345.0,32 1' 35,102 1' 34
2003,CRUDE OIL,20.0,N 32 30.61,W 94 51.49
2003,CRUDE OIL,20.0,37.78,-87.07
2003,CRUDE OIL,5.0,38.48778,-88.41922
2003,CRUDE OIL,40.0,35.9383,-96.7462
2003,CRUDE OIL,125.0,47° 47' 50,-95° 43' 10
2003,CRUDE OIL,2.0,39 48.069,104 56.914
2003,CRUDE OIL,200.0,N32.00.385,W102.02.277
2003,CRUDE OIL,4.0,N29.58.60,W91.44.68
2003,CRUDE OIL,10.0,34.1605711,-97.535948
2003,CRUDE OIL,15.0,35.94674,-96.76288
2003,CRUDE OIL,700.0,"41* 30' 56""","-87* 26' 55"""
2003,CRUDE OIL,20.0,32 03'22,101 18'18
2003,CRUDE OIL,100.0,27 24.3'N,98 5.8
2003,CRUDE OIL,10.0,47° 19' 30,-93° 45' 45
2003,CRUDE OIL,100.0,"47° 41' 20""","-95° 24' 44"""
2003,CRUDE OIL,12.0,44.0904327,-70.3641734
2003,PETROLEUM CRUDE OIL,21.0,37 48 19N,098 54 43W
2003,PETROLEUM CRUDE OIL,3.0,N30.145722,W94.401536
2002,CRUDE OIL,2.0,29.7090,-94.98021
2003,CRUDE OIL,5.0,44 49 MN 41 SEC,-92 58 MIN 30.17 SEC
2003,CRUDE OIL,2.0,"43° 56' 59""","-89° 41' 04"""
2003,CRUDE OIL,7.0,N35.03.45,W119.03.53
2003,CRUDE OIL,15.0,36.01487,-96.445388
2003,CRUDE OIL,5.0,31 08' 59.9N,102 10' 32.7W
2003,CRUDE OIL,15.0,N 29 27.33,96 05.55
2003,CRUDE OIL,1.0,44.53757,-71.70417
2003,CRUDE OIL,2.0,"46° 19' 30""","-92° 03' 38"""
2003,CRUDE OIL,1.0,"47° 19' 30""","-93° 45' 45"""
2003,CRUDE OIL,3.0,N33 48.479',W118 14.065'
2003,CRUDE OIL,100.0,35 30.216 MIN N,98 33.26 MIN W
2003,CRUDE OIL,10.0,35 28.363 MIN N,98 44.160 MIN W
2003,CRUDE OIL,21.0,33 48.612 MIN N,99 29.472 MIN W
2003,PETROLEUM CRUDE OIL,2.0,37 02 43N,101 51 17W
2003,CRUDE OIL,1.0,44.816 N,108.499 W
2003,CRUDE OIL,25.0,N 31 09.252',W 90 47.580'
2003,CRUDE OIL,3.0,N29 02' 43,W96 31' 40
2003,CRUDE OIL,10.0,29.59.36,94.4.38
2003,CRUDE OIL,6.0,29.31.16,95.06.19
2003,CRUDE OIL,4.0,N32.16.53,W101.11.17
2003,CRUDE OIL,250.0,40 N 56.8',88 W 39'
2003,CRUDE OIL,60.0,40.70813333N,84.12220000W
2003,CRUDE OIL,5.0,29.70973,-94.98043
2003,CRUDE OIL,300.0,32 32'59.038 N,103 32'46.195 W
2003,CRUDE OIL,1.0,30.32.00,91.44.57
2003,CRUDE OIL,50.0,34 29.042 MIN N,97 32.902 MIN W
2003,CRUDE OIL,31.0,41 N 24.6',87 W 59.4'
2003,CRUDE OIL,4.0,"97-3' 45.52""W","31-16'19.23""N"
2003,CRUDE OIL,20.0,N31 27.318,W100 52.352
2003,CRUDE OIL,5.0,N35 94 068,W96 74' 897
2003,CRUDE OIL,120.0,45.1534,104.7141
2003,PETROLEUM CRUDE OIL,100.0,37.55.680,98 46.428
2003,CRUDE OIL,4.0,30 46' 46 N,88 08' 26
2003,CRUDE OIL,15.0,N 31 09.252',W 90 47.580'
2003,CRUDE OIL,10.0,N 31 02.065',W 89 26.884'
2003,PETROLEUM CRUDE OIL,2.0,33 32.895,96 34.812
2003,CRUDE OIL SLOP,500.0,29.59.36,94.4.38
2003,CRUDE OIL,2.0,35.41 5.7 N,101 21 36.9 W
2003,CRUDE OIL,13.0,34.37612,118.79089
2003,CRUDE OIL,126.0,N32 00' 031,W102 26' 322
2003,CRUDE OIL,5.0,43.46.931,W108.34.900
2003,CRUDE OIL,5.0,N31 48.298',W102 23.604'
2003,CRUDE OIL,4.0,N31 53.060',W102 12.923'
2003,CRUDE OIL,8.0,"32 51' 54.37""N","91 5' 15.26""W"
2003,CRUDE OIL,15.0,N31 55.866',W103 02.854'
2003,CRUDE OIL,3120.0,N35 41.283',W97 30.348'
2003,CRUDE OIL,1.0,28 40 50,-89 23 16
2003,PETROLEUM CRUDE OIL,65.0,37 42.34,101 02.49
2003,CRUDE OIL,500.0,"43* 37' 42""","-83* 59' 14"""
2003,CRUDE OIL,70.0,44 9' 38.4,107 56' 7.8
2003,CRUDE OIL,200.0,32 13.446'N,99 41.433'W
2003,CRUDE OIL,800.0,N33.76456,W118.22765
2003,CRUDE OIL,15.0,-90.2623,33.6980
2002,CRUDE OIL,25.0,44.5382,-71.708
2003,CRUDE OIL,1.0,30.032,-90.840
2003,CRUDE OIL,5.0,33 33 86 N,97 52 23 W
2003,PETROLEUM CRUDE OIL,320.0,38 17376,98 26345
2003,CRUDE OIL,2.0,N31.53.753,W102.27.677
2003,CRUDE OIL,21.0,N29 30.142,W95 13.463
2003,CRUDE OIL,25.0,N 33 25.598,W 102 31.037
2003,CRUDE OIL,10.0,N 33 48.479,W118 14.065
2003,CRUDE OIL,20.0,"46° 41' 36""","-92° 03' 10"""
2003,PETROLEUM CRUDE OIL,2.0,37 42 38,101 02 51
2003,PETROLEUM CRUDE OIL,20.0,38 03 48N,97 89 55W
2003,CRUDE OIL,40.0,35.94674,-96.76288
2003,CRUDE OIL,750.0,121.53993,37.74494
2003,CRUDE OIL,356.0,"N29 19' 36""","W89 58' 30"""
2003,CRUDE OIL,30.0,41 N 24.6,87 W 59.4
2003,CRUDE OIL,47.0,"47* 41' 20""","-95* 24' 44"""
2003,PETROLEUM CRUDE OIL,3.0,37 42' 13N,101 01' 49W
2003,CRUDE OIL,20.0,N 42 51.165',W 106 21.407'
2003,CRUDE OIL,5.0,N 33 25.598,W 102 31.037
2003,CRUDE OIL,10.0,N 33 25.598,W 102 31.037
2003,PETROLEUM CRUDE OIL,15.0,37 42' 38N,101 02' 49W
2003,PETROLEUM CRUDE OIL,10.0,38 20' 18N,97 40' 36W
2003,CRUDE OIL,15.0,46° 09' 10,-91° 43' 00
2003,CRUDE OIL,20.0,32.41.165,102.38.578
2003,PETROLEUM CRUDE OIL,1.0,37 40' 56N,101 01' 35W
2004,CRUDE OIL,50.0,N 33 25.598,W 102 31.037
2003,CRUDE OIL,60.0,34 29.042 MIN N,97 32.902 MIN W
2004,CRUDE OIL TANK BOTTOMS,6.0,29.59.36,94.4.38
2004,CRUDE OIL,211.0,N36 10.600,W108 20.509
2004,PETROLEUM CRUDE OIL,10.0,38 20 25N,98 18 -41 W
2004,CRUDE OIL,10.0,38.618 N,94.498 W
2004,CRUDE OIL,4.0,N 40.37.11',91 W 7.8'
2004,CRUDE OIL,1.0,N29 20.5,W89 39.62
2004,CRUDE OIL,3.0,N35 1330.1,W 119 3335.2
2004,CRUDE OIL,75.0,29.92.069,94.02053
2004,CRUDE OIL,1.0,29  24.279,95  59.606
2004,CRUDE OIL,21.0,29 42.626,95 13.791
2004,CRUDE OIL,2.0,34 29.042,97 32.902
2004,PETROLEUM CRUDE OIL,10.0,30 46.09 N,99 38 02 W
2004,CRUDE OIL,1003.0,47° 15' 10,-93° 33' 04
2004,CRUDE OIL,2.0,32.07382N,101.42879W
2004,CRUDE OIL,3.0,35 28.78,97 25.86
2004,CRUDE OIL,30.0,32.07382N,103.4909W
2004,CRUDE OIL,30.0,N29 55'50,W97 03'18
2004,CRUDE OIL,3.0,"46° 41' 30""","-92° 03' 35"""
2004,CRUDE OIL,900.0,34.6581,-100.4463
2004,CRUDE OIL,6.0,29.990,94.004
2004,CRUDE OIL,3.0,43 40.31' N,107 53.29' W
2004,CRUDE OIL,9.0,"41° 38' 7""","-88° 2' 48"""
2004,CRUDE OIL,11.0,30-01'-34'N,093-56'55
2004,CRUDE OIL,350.0,32 42'59.1,100 39'00.4
2004,PETROLEUM CRUDE OIL,20.0,38 14 18N,98 00 45W
2004,CRUDE OIL,2.0,"46° 41' 12""","-92° 03' 12"""
2004,CRUDE OIL,1.0,"46° 41' 30""","-92° 03' 35"""
2004,CRUDE OIL,35.0,41.1920 N,102.5234 W
2004,CRUDE OIL,3.0,29.90694,94.01189
2004,CRUDE OIL,1.0,"N33 0' 28""","W104 58' 34"""
2004,CRUDE OIL,1.0,30.032,-90.840
2004,CRUDE OIL,2.0,46° 41' 30,-92° 03' 35
2004,CRUDE OIL,21.0,"46° 41' 30""","-92° 03' 35"""
2004,CRUDE OIL,1.0,29' 02.33,89' 19.71
2004,CRUDE OIL,22.0,"35° 57' 08""","-96° 45' 11"""
2004,CRUDE OIL,250.0,41.41333333,87.99222222
2004,SWEET CRUDE OIL,130.0,42 13.55' N,-104 41.61'W
2004,CRUDE OIL,40.0,"46° 41' 20""","-92° 03' 38"""
2004,CRUDE OIL,45.0,N 32 34.760,W 094 14.900
2004,CRUDE OIL,15.0,N32 00.734',N102 00.572'
2004,CRUDE OIL,15.0,"N31 36"" 809'","W102 56"" 474'"
2004,CRUDE OIL,250.0,N 34 14.458,W 097 32.120
2004,CRUDE OIL,85.0,N31 42.683',W102 36.849'
2004,CRUDE OIL CONDENSATE,600.0,32 28.915',94 51.107'
2004,CRUDE OIL,21.0,"47° 41' 28""","-92° 24' 52"""
2004,PETROLEUM CRUDE OIL,1.0,37 0825,100 3410
2004,CRUDE OIL,40.0,34.2394333,-97.6436081
2004,CRUDE OIL,10.0,43.36.05,106.16.24
2004,CRUDE OIL,21.0,"46° 41' 02""","-92° 03' 14"""
2004,CRUDE OIL,21.0,"46° 41' 24""","-92° 03' 47"""
2004,CRUDE OIL,125.0,31.42.926,101.56.288
2004,CRUDE OIL,132.0,35 25.69 MIN N,98 56.97 MIN W
2004,CRUDE OIL,25.0,36 16.233 MIN. N,99 48.781 MIN. W
2004,CRUDE OIL,10.0,"47° 41' 28""","-92° 24' 52"""
2004,CRUDE OIL,15.0,42.275605,-83.404376
2003,CRUDE OIL,10.0,N33 48.479',W118 14.065'
2004,CRUDE OIL,700.0,"32 25' 19.5""N","100 56' 12.8""W"
2004,CRUDE OIL,1.0,32 58.351 MIN N,100 09.315 MIN W
2004,CRUDE OIL,700.0,32.48357,-94.83425
2004,CRUDE OIL,56.0,-94.6991,31.22420
2004,CRUDE OIL,5.0,43.17.36,107.37.28
2004,CRUDE OIL,15.0,31 15.06 MIN N,90 29.53 MIN W
2004,CRUDE OIL,10.0,"35° 56' 41""","-96° 45' 26"""
2004,CRUDE OIL,42.0,47° 19' 28,-93° 45' 46
2004,PETROLEUM CRUDE OIL,1.0,38.20.25N,98.18.42N
2004,CRUDE OIL,30.0,43.41.24,107.50.17
2004,CRUDE OIL,1450.0,32 58.351 MIN N,100 09.315 MIN W
2004,CRUDE OIL,3.0,40.70501,-84.12748
2004,CRUDE OIL,1.0,N29DEG 20.526MIN,W89DEG 39.717MIN
2004,FOSTERTON CRUDE OIL,35.0,48 14.018,105 7.743
2004,CRUDE OIL,20.0,N29 27 33,W96 05 55
2003,CRUDE OIL,15.0,35.24663,096.80739
2004,CRUDE OIL,150.0,31 38' 01.1,101 42'31.4
2004,CRUDE OIL,130.0,39.41093 N,-92.84623 W
2004,CRUDE OIL,1.0,34.202028,-97.265000
2004,CRUDE OIL,15.0,N 29 57.136,W096 51.637
2004,CRUDE OIL,10.0,N32.56.220,W97.17.457
2004,  CRUDE OIL,3.0,N38 30.2,W94 58.3
2004,CRUDE OIL,24.0,29.07.69,89.22.23
2004,CRUDE OIL,3148.0,29.12.26,89.2.4
2004,CRUDE OIL,10.0,N32 41 134,W101 10 440
2004,PETROLEUM CRUDE OIL,2.0,37.4238,101.0249
2004,CRUDE OIL,1.0,N31 25.283',W102 37.085'
2004,CRUDE OIL,100.0,"N29, 59.369'","W94, 00.313'"
2004,CRUDE OIL,25.0,N3DEG 31.35 MIN,W66 DEG 17.75 MIN
2004,CRUDE OIL,55.0,42.210336,-107.414057
2004,CRUDE OIL,5.0,N36 28.715,W108 8.289
2004,CRUDE OIL,1.0,"35° 56' 26""","-96° 44' 26"""
2004,CRUDE OIL,13.0,29 55.301,097 17.119
2004,CRUDE OIL,2.0,N29 08.64,W095 40.41
2003,CRUDE OIL/API GRAVITY 58,2.0,28 17 42,096 37 12
2004,CRUDE OIL,100.0,27 .73767N,97.81874 W
2004,PETROLEUM CRUDE OIL,17.0,38 14 52,98 02.23
2004,CRUDE OIL,5.0,N32.35.575,W95.12.318
2004,CRUDE OIL,1.0,35 04.367,120 31.462
2004,CRUDE OIL,80.0,"N 34 14' 6.7""","W97 30' 9.1"""
2004,CRUDE OIL,90.0,"35° 57' 08""","-96° 45' 01"""
2004,CRUDE OIL,3.0,N 31 50.547,W104 25.993
2004,SJVH CRUDE OIL,460.0,35.499 92,119.811 45
2004,SOUR CRUDE OIL,15.0,42 13.526,104 41.355
2004,CRUDE OIL,10.0,33.410,-93.135
2004,CRUDE OIL,2.0,29DEG22MIN45SEC,89DEG32MIN23.98SEC
2004,CRUDE OIL,75.0,28.32532 N,-97.21254 W
2004,CRUDE OIL,8.0,34 52.9,12 15.9
2004,CRUDE OIL,38.0,38.78935,-89.08525
2004,CRUDE OIL,21.0,N30 43.816',W93 30.843'
2004,PETROLEUM CRUDE OIL,10.0,40.2428,99 -1919
2004,PETROLEUM CRUDE OIL,10.0,37 0825,100 34 10
2004,CRUDE OIL,15.0,N32' 28.839,W92' 51.109
2004,CRUDE OIL,590.0,28.9530,-95.4295
2004,CRUDE OIL,1.0,"35° 57' 35""","-96° 45' 41"""
2004,CRUDE OIL,100.0,N31 45.94',W103 10.06'
2004,CRUDE OIL,40.0,45 39 1.87,108 45 16.70
2004,CRUDE OIL,500.0,33.48.410N,100.03.739
2005,VIRGIN CRUDE OIL,700.0,32 33.533,94 1.561
2005,CRUDE OIL-BCF 17,5232.0,29.71,-95.25
2005,CRUDE OIL,1.0,31 51.649',91 26.159'
2005,CRUDE OIL,4.0,35.94674,-96.76288
2005,CRUDE OIL,3.0,43 27 81,89 14 42
2005,CRUDE OIL,15.0,N42 13.506 ,W104 41.191
2005,CRUDE OIL,100.0,"43° 27' 81""","-89° 14' 26"""
2005,PETROLEUM CRUDE OIL,2.0,37.4238,101.0251
2005,CRUDE OIL,6909.0,-85.0216,38.6664
2005,CRUDE OIL,10.0,34.35761,119.05801
2005,CRUDE OIL,63.0,N32 1.468,W102 1.492
2005,CRUDE OIL,10.0,"41° 33' 25""","-87° 53' 7"""
2005,CRUDE OIL,50.0,N 32 08 25,W 102 21 31
2005,CRUDE OIL,1.0,31 55.541,91 29.429
2005,CRUDE OIL,5.0,29.99775 N,94.06588 W
2005,CRUDE OIL,3.0,42.275605,-83.404376
2005,CRUDE OIL,5.0,44.8156,-108.5
2005,CRUDE OIL,8.0,-96.74849,35.98628
2005,CRUDE OIL,10.0,N 28.49354,W -096.99470
2005,CRUDE OIL,10.0,N32 34.760,W94.900
2005,CRUDE OIL,4.0,N 34 53.595,W 99 02.283
2005,CRUDE OIL,10.0,34-31.937N,89-85.867W
2005,PETROLEUM CRUDE OIL,10.0,37.0255,101.4702
2005,VIRGIN CRUDE OIL,3.0,N32 33.989,W94 9.929
2005,CRUDE OIL,1.0,38.4919,-90.55517
2005,CRUDE OIL,15.0,31 02.065,89 26.884
2005,CRUDE OIL,28.0,N29 43M 40S,W90 35M 35S
2005,CRUDE OIL,40.0,N30 2M 57S,W94 4M 12S
2005,CRUDE OIL,21.0,"42° 54' 07""","-82° 30' 36"""
2005,CRUDE OIL,5.0,"42° 09' 53""","-88° 14' 19"""
2005,VIRGIN CRUDE OIL,2.0,N32 33.988,W94 9.915
2005,CRUDE OIL,2.0,N29  13  10,W095  40  50
2005,CRUDE OIL,8.0,39N 24.72',92W 50.75'
2005,CRUDE OIL,260.0,37.7766342,-97.3554382
2005,CRUDE OIL,1.0,"38° 49' 40""","-90° 05' 10"""
2005,CRUDE OIL,2.0,43.8599,-108.164420
2005,CRUDE OIL,10.0,N35 3.791MIN,W119 3.94MIN
2005,CRUDE OIL - HEAVY LOUISIANA SWEET,600.0,N29 19' 48,W89 58' 24
2005,CRUDE OIL,805.0,40.705,-84.1275
2005,CRUDE OIL,70.0,37.0829,-101.35139
2005,CRUDE OIL,1.0,"38 17' 31""","97 26' 16"""
2005,CRUDE OIL,10.0,"97 7' 36""","37 36' 57"""
2005,CRUDE OIL,5.0,"41° 30' 44""","-87° 27' 16"""
2005,CRUDE OIL - SJLB,3393.0,N34D39'26.6,W118D44'34.8
2005,CRUDE OIL,12.0,31 28.377' N,101 51.817' W
2005,CRUDE OIL,4.0,32 33.194,93 58.886
2005,CRUDE OIL,200.0,N35 53.197',W107.42.059
2005,CRUDE OIL,2.0,N28 57 33,W95 26 00
2005,CRUDE OIL,40.0,32 41.177,102 38.572
2005,CRUDE OIL,25.0,32 41.177,102 38.572
2005,CRUDE OIL,898.0,N33 50.272,W096 27.360
2005,CRUDE OIL,1.0,35.689300,-101.348700
2005,CRUDE OIL,15.0,"35° 55' 60""","-96° 45' 15"""
2005,CRUDE OIL,4.0,1 1251201E,4103838N
2005,CRUDE OIL,15.0,29.99434,94.07473
2005,CRUDE OIL,4.0,"31 46' 6.2"" N","103 10' 9.3"" W"
2005,CRUDE OIL,3.0,32.68.787,102.64.909
2005,CRUDE OIL,65.0,N29  30.222,W095  13.766
2005,CRUDE OIL,2.0,42.15.216,W 110.14.088
2005,CRUDE OIL,42.0,30 44.21N,88 3.249W
2005,CRUDE OIL,130.0,N36' 05.27,W96' 43.33
2005,CRUDE OIL  HEAVY LOUISIANA SWEET (HLS),1.0,N20DEG 26.739MIN,W90DEG 0.933MIN
2005,CRUDE OIL,120.0,N29  30.222,W095  13.766
2005,CRUDE OIL,100.0,N36 29.283,W108 07.807
2005,CRUDE OIL,290.0,N35.99593,119.96362
2005,CRUDE OIL,21.0,39.32832,-87.90147
2005,CRUDE OIL,7.0,32 19.291'N,103 10.558'W
2005,CRUDE OIL,4.0,34.202788,-97.344609
2005,CRUDE OIL,25.0,43.58.05 N,101.52.22 W
2005,CRUDE OIL,550.0,35-59-19N,96-44-85W
2005,CRUDE OIL,12.0,45 46 42.53 NORTH,108 29 12.06 WEST
2005,CRUDE OIL,20.0,28.343,96.740
2005,CRUDE OIL,21.0,29 34.507' N,91 31.781' W
2005,CRUDE OIL,8.0,43.46.56,108.34.54
2005,CRUDE OIL,10.0,N31 57 01.3,W102 36 10.7
2005,CRUDE OIL,10.0,373323N,0991914W
2005,CRUDE OIL,3.0,31.89922222N,102.10325000W
2005,CRUDE OIL,20.0,N33 54.878,W098 26.197
2005,CRUDE OIL,2.0,32.0415,96.2826
2005,CRUDE OIL,442.0,31.33408,94.751424
2005,CRUDE OIL,20.0,32.28997,94.49814
2005,CRUDE OIL,1038.0,N33 08.27,W096 07.12
2005,CRUDE OIL,377.0,32 32.349'N,94 56.738'W
2005,CRUDE OIL,54.0,41.41.215,107.58.898
2005,CRUDE OIL,2.0,30 37.83' N,96 38.60' W
2005,CRUDE OIL,7562.0,29 34.46' N,91 31.71' W
2005,CRUDE OIL,13.0,35 57.603'N,96 45.269'W
2005,CRUDE OIL,107.0,40° 12' 36,-90° 27' 36
2005,CRUDE OIL,5.0,28:20:37,96:44:28
2005,CRUDE OIL,70.0,N 42 13.169,W 104 41.553
2005,CRUDE OIL,25435.0,29.1840,-89.2605
2005,CRUDE OIL,10.0,29.593,90.3719
2005,CRUDE OIL,2.0,29.055,89.307
2005,CRUDE OIL,350.0,35 28.927'N,97 25.507'W
2005,CRUDE OIL,1276.0,29 - 06.42,90 - 11.59
2005,CRUDE OIL,2.0,29 - 07.69,89 - 22.23
2005,CRUDE OIL,23614.0,29 - 22.49,89 - 32.97
2005,CRUDE OIL,50.0,29.22,89.32
2005,CRUDE OIL,2.0,29 - 04.47,89 - 21.01
2005,CRUDE OIL,1.0,29 - 02.12,89 - 19.88
2005,CRUDE OIL,40.0,84.71,40.4294
2005,CRUDE OIL,1.0,27 50.1 N,-97 31.2 W
2005,CRUDE OIL,4.0,N29 45.55,W096 08.93
2005,CRUDE OIL,1.0,37 03 38 N,101 38 55 W
2005,CRUDE OIL,3.0,46 41 07,92 03 17
2005,CRUDE OIL,1.0,31.68500  N ,89.15000  W
2005,CRUDE OIL,991.0,37.422,121.1835
2005,CRUDE OIL,2.0,N36 03.086,W108 22.001
2005,CRUDE OIL -  HLS,14.0,N29 21' 8,W89 34' 4
2005,CRUDE OIL,15.0,N48 7.730',W111 51.670'
2005,CRUDE OIL,1.0,39.35915N,93.47999W
2005,CRUDE OIL,2350.0,"37° 48' 11""","-96° 55' 14"""
2005,CRUDE OIL,42.0,35.5276,-119.8068
2005,CRUDE OIL,12.0,38-37-23 N,98-32-02 W
2005,CRUDE OIL,12.0,31.815480 N,91.417530 W
2005,CRUDE OIL,3.0,38 37 3.15,94 .29 55.64
2005,CRUDE OIL,85.0,N35  94.989,W096  75.826
2005,CRUDE OIL,30.0,N3228.98,W9449.83
2005,CRUDE OIL - HLS,50.0,N29DEG 47.878MIN,W90DEG 41.405MIN
2005,CRUDE OIL,50.0,N35  94.987,W096  75.827
2005,CRUDE OIL,4.0,N35  95.172,W96  75.859
2005,CRUDE OIL,10.0,N35  94.304,W096 75.854
2005,CRUDE OIL,15.0,42.1957477, -107.1837261
2005,BASS RIVER CRUDE OIL - NON-H2S,10380.0,N39 53.714,W 75 15.650
2005,CRUDE OIL,12.0,48.304045,-102.373875
2005,CRUDE OIL,150.0,N30DEG 26.002MIN,W91DEG 13.516MIN
2005,CRUDE OIL,2.0,34.406,118.92
2005,CRUDE OIL,7.0,35.44,-118.99
2005,CRUDE OIL,200.0,35.447,-119.0447
2006,CRUDE OIL,1.0,"47° 41' 22""","-95° 24' 35"""
2005,CRUDE OIL,5.0,44 30 38,-90 04 43
2006,CRUDE OIL,37.0,N32DEG 28.928MIN,W94DEG 50.112MIN
2005,CRUDE OIL,1130.0,32.22809,99.03204
2005,CRUDE OIL,694.0,32.2156,99.0566
2006,CRUDE OIL,8.0,32.5234,91.0304
2006,CRUDE OIL,15.0,45 47 35N,108 28 23W
2006,CRUDE OIL,4.0,35.32570,119.65438
2006,CRUDE OIL,2.0,"N35 57' 1.4""","W102 36' 11.1"""
2006,CRUDE OIL,4.0,N35 94.068,W096 74.897
2006,CRUDE OIL,3.0,29.1318,-89.2443
2006,BAKKEN CRUDE OIL,5.0,"46,23,28.614","104,27,6.687"
2006,CRUDE OIL,1144.0,35.10,-119.31
2006,CRUDE OIL,20.0,N29  37.889,W095  23.194
2006,CRUDE OIL,1.0,N28  57.15,W095  26.12
2006,CRUDE OIL,45.0,W119.3814901,N35.09771
2006,CRUDE OIL,8.0,37 02 43 N,101 51 19 W
2006,CRUDE OIL,30.0,35.94992,96.74942
2006,CRUDE OIL,50.0,N42.52.022,W106.24.135
2006,CRUDE OIL,21.0,35.62250000N,98.21730000W
2006,CRUDE OIL,49000.0,58.68900,31.59494
2006,CRUDE OIL,10.0,32.71111110N,103.17805560W
2006,CRUDE OIL,2.0,31.80415000N,102.34396520W
2006,CRUDE OIL,9.0,N34  09.41,W097 32.25
2006,CRUDE OIL,2.0,N32  01.427,W102  01.042
2006,CRUDE OIL,224.0,29.92233,-97.06558
2006,CRUDE OIL,15.0,33.29100000N,99.60800000W
2006,CRUDE OIL,575.0,N35  95.024,W096  75.879
2006,CRUDE OIL (SJV CRUDE),55.0,N34 45 7,W118 52 52
2006,CRUDE OIL,150.0,31.89722220N,102.56694440W
2006,CRUDE OIL,30.0,38.3446,-98.3141
2006,CRUDE OIL,1.0,37 08 25 N,100 34 10 W
2005,CRUDE OIL,10.0,2937.311,9411.988
2006,CRUDE OIL,2.0,41 30 25,-87 27 13
2006,CRUDE OIL,75.0,32.21941 N,99.01007 W
2006,CRUDE OIL,10.0,32.22581 N,99.02610 W
2006,CRUDE OIL,35.0,32.22384 N,99.02231 W
2006,CRUDE OIL,4.0,35.6172,-119.8686
2006,CRUDE OIL (KISSANJE),15.0,N29 44 57,W94 59 56
2006,CRUDE OIL (SJV),32.0,N34 55 8,W118 55 35
2006,CRUDE OIL,25.0,2937.371N,-9450.813W
2006,CRUDE OIL ,100.0,N37D48.1535',W 96D 55.0098'
2006,CRUDE OIL,2.0,33.42694440 N,102.51694440 W
2006,CRUDE OIL,2.0,"47° 41' 21""","95° 24' 33"""
2006,CRUDE OIL,2.0,N33 56.29,W098 13.39
2006,CRUDE OIL,1462.0,N 36.09697,W 108.35814
2006,CRUDE OIL,63.0,36.11333,-96.00555
2006,CRUDE OIL ,25.0,47.38608,103.86001
2006,CRUDE OIL ,30.0,44D 49M 41S,-92D58M 30.17S
2006,CRUDE OIL (SJV),39.0,N35 26 6  ,W 119 40 55
2006,CRUDE OIL ,15.0,35.1049.76N,100.4914.42W
2006,CRUDE OIL ,8.0,42.85.417,-106.35.299
2006,CRUDE OIL,6.0,40.71025,-84.11277
2006,CRUDE OIL,3.0,32.04453330N,91.53316670W
2006,CRUDE OIL,20.0,29.28813 N,89.363995 W
2006,CRUDE OIL,20.0,34.8187 N,97.4522 W
2006,CRUDE OIL,20.0,41.623672 N,83.486502 W
2006,CRUDE OIL,1.0,N28  55 15,W095  23 07
2006,CRUDE OIL,0.0,48.7183,100.9161
2006,CRUDE OIL,200.0,35.236066,-96.65546
2006,CRUDE OIL,2.0,N45.812,W108.441
2006,CRUDE OIL,500.0,32.41285,-99.876016
2006,CRUDE OIL,4.0,N34  09.86,W097  32.59
2006,CRUDE OIL,140.0,35.055 N,119.31 W
2006,CRUDE OIL,2.0,N 28.85150,W -99.16892
2006,CRUDE OIL,142.0,27.90897,-97.35049
2006,CRUDE OIL,1.0,31.76337 N,103.17329 W
2006,CRUDE OIL,5.0,41.80860,-83.60143
2006,CRUDE OIL,3200.0,45 DEG 56 MIN N,-94 DEG 21 MIN W
2006,CRUDE OIL,2.0,27.82271,-97.19983
2006,CRUDE OIL,31.0,N41 32 56,W87 52 32
2006,CRUDE OIL,5.0,32.8717,-91.0586
2006,CRUDE OIL,2.0,N29 8.79,W095 42.05
2006,CRUDE OIL,150.0,31.76494 N,103.16934 W
2006,CRUDE OIL,2.0,38 20 18,97 40 36
2006,CRUDE OIL,1371.0,31.7928167 N,103.13339833 W
2006,CRUDE OIL,20.0,N29 02.79,W96 31.92
2006,CRUDE OIL,23.0,32.9658,-93.1549
2006,CRUDE OIL,5.0,43.29.744 N,107.62.541 W
2006,WTI DOMESTIC SWEET TYPE CRUDE OIL,1.0,"35° 56' 26""","-96° 45' 01"""
2006,CRUDE OIL,1238.0,N35 94.065,W096 74.897
2006,CRUDE OIL,10.0,31.99193 N,102.04638 W
2006,CRUDE OIL,20.0,37.8020,97.3708
2006,CRUDE OIL,2.0,N28 59.6963,W095 59.918
2006,CRUDE OIL,35.0,32.4975 N,98.6369 W
2006,CRUDE OIL,10.0,"N 45.58' 05""","W 107 52' 22"""
2006,CRUDE OIL,43.0,N32  01.468,W102  01.054
2006,CRUDE OIL,15.0,40.7050,-84.1175
2006,CRUDE OIL,25.0,45 47 35N,108 28 23W
2006,CRUDE OIL,5.0,27.82835,-97.51925
2006,CRUDE OIL,10.0,N33 00.44,W096 53.54
2006,CRUDE OIL,42.0,N30 00.44,W096 53.54
2006,CRUDE OIL,1.0,33.5980 N,99.0400 W
2006,CRUDE OIL,1205.0,32.3895 N,99.7171 W
2006,CRUDE OIL,20.0,-100.9811,37.6289
2006,LIGHT CRUDE OIL,30.0,48 14.018,105 7.743
2006,CRUDE OIL,7.0,28.2732,-98.2746
2006,CRUDE OIL,15.0,40 35' 45.44,104 48 40.55
2006,CRUDE OIL,10.0,27.83122,-97.51899
2006,CRUDE OIL,40.0,35.9459,-96.7475
2006,CRUDE OIL,25.0,35.13765 N,97.40110 W
2006,CRUDE OIL,350.0,32.3956,-94.9081
2006,CRUDE OIL,2.0,33.779,-118.215
2006,CRUDE OIL,2.0,34.04893 N,97.32426 W
2006,CRUDE OIL,5205.0,32.01587 N,102.01143 W
2006,CRUDE OIL ,35.0,N30DEG 32.02',W91DEG 45.02'
2006,CRUDE OIL,15000.0,35 41' 17.04,"101, 21' 39.41"
2006,CRUDE OIL,5.0,42.3141667 N,107.8763889 W
2006,CRUDE OIL,30.0,34.39643 N,97.49933 W
2006,CRUDE OIL,315.0,33.31565 N,96.19230 W
2006,CRUDE OIL,2.0,27.65858,-98.18784
2006,CRUDE OIL,3.0,31.29000 N,102.35100 W
2006,CRUDE OIL,10.0,29.71,-95.25
2006,CRUDE OIL,1.0,34.822792,-100.560194
2006,CRUDE OIL,300.0,32.52307 N,94.93570 W
2006,CRUDE OIL,39.0,35.9448,-96.7479
2006,CRUDE OIL,65.0,32.020307 N,102.018080 W
2006,CRUDE OIL,3.0,40.8535,-90.5557
2006,CRUDE OIL,4.0,35.9459,-96.7475
2007,CRUDE OIL,10.0,37.0592,-101.6628
2006,CRUDE OIL,4.0,36.0333,-87.9437
2006,CRUDE OIL,2.0,31.8037 N,102.1387 W
2006,CRUDE OIL,4.0,29.71,-95.25
2006,CRUDE OIL,5.0,34.20980 N,97.54350 W
2006,CRUDE OIL,25.0,31.7044444 N,102.1869444
2007,CRUDE OIL,21.0,43.672554,-107.888206
2006,CRUDE OIL,20.0,31.8144444 N,102.1333333 W
2007,CRUDE OIL,10.0,31.7780,-96.3982
2007,CRUDE OIL,25.0,N 35 43.972,W 107 44.881
2007,CRUDE OIL,215.0,48-17-10,102-25-30
2007,CRUDE OIL,21.0,35.324,119.65
2007,CRUDE OIL,20.0,32.2899,-94.4981
2007,CRUDE OIL,2.0,"36 13' 43.44"" N",120 15' 37.64
2007,CRUDE OIL,2.0,32.0711,-96.4702
2007,CRUDE OIL,4.0,N 33.48.43,W 118.14.04
2007,CRUDE OIL,518.0,32.5947,-97.0844
2007,CRUDE OIL,1.0,44.4941,-92.583217
2007,CRUDE OIL,2.0,N35  94.068,W96  74.897
2007,CRUDE OIL,4.0,33.3414,-97.6054
2007,CRUDE OIL,260.0,28.68047,-99.08923
2007,CRUDE OIL,30.0,N39  53.714,W 75  15.650
2007,CRUDE OIL,4.0,33.91500 N,98.44000
2007,CRUDE OIL,10.0,N48DEG 42MIN 44.95S,W112 21MIN 19.8SEC
2007,CRUDE OIL,4.0,N29 20.704,W94 56.136
2007,CRUDE OIL,2.0,N32  37.660,W102  41.014
2007,CRUDE OIL,12.0,36.0183,-96.0477
2006,CRUDE OIL,20.0,35.9869,-96.7467
2007,CRUDE OIL,1.0,48.9657N,101.6494W
2007,CRUDE OIL,1.0,"41° 35' 48""","-88° 3' 15"""
2007,CRUDE OIL,20.0,38.6172,-94.4993
2007,CRUDE OIL,25.0,44 53 27,90 29 52
2007,CRUDE OIL,95.0,41.21851670 N,111.18878330 W
2007,CRUDE OIL,105.0,35.4785,-119.7382
2007,CRUDE OIL,2.0,N 33.48.43,W 118.14.04
2007,CRUDE OIL,10.0,37 48 20,-98 54 44
2007,CRUDE OIL,2.0,-98 54 40.5,37 48 25.8
2006,CRUDE OIL,100.0,32.6319,-99.8073
2006,CRUDE OIL,15.0,31.9925,-98.2815
2006,CRUDE OIL,10.0,31.9880,-98.2628
2007,CRUDE OIL,5.0,32.228695,120.27168
2007,CRUDE OIL,30.0,32.51186 N,94.84920 W
2007,CRUDE OIL,3.0,31.869833 N,102.4237667 W
2007,CRUDE OIL,285.0,32.6317,-99.8074
2007,CRUDE OIL,428.0,37.61194,-121.36167
2007,MIXED SWEET CRUDE OIL,41.0,46.39023,104.44948
2006,CRUDE OIL,4.0,31.826,-100.3105
2007,CRUDE OIL,20.0,32.4877,-94.8556
2007,CRUDE OIL,20.0,32.1532,-97.3735
2006,CRUDE OIL,3.0,31.2719,-97.0626
2007,CRUDE OIL,6.0,36.5280,-120.4852
2007,CRUDE OIL,12.0,35.6022 N,98.2832 W
2007,CRUDE OIL,20.0,31.869 N,102.4238167 W
2007,CRUDE OIL,2.0,"42 50' 55""","78 46' 46"""
2007,CRUDE OIL,15.0,38.6172,-94.4993
2007,CRUDE OIL,45.0,35.9905,-96.5785
2007,CRUDE OIL,30.0,31 46.091,103 10.567
2007,CRUDE OIL,74.0,31 85.262,104 55.743
2007,CRUDE OIL,1.0,100 56 40,36 58 44
2007,CRUDE OIL,1.0,41.4110,-87.9910
2007,CRUDE OIL,42.0,40.6191,-91.2858
2006,CRUDE OIL,50.0,33.76400 N,118.22700 W
2006,CRUDE OIL,20.0,"118-15'2.99""","33-48'31.34"""
2007,WTI DOMESTIC SWEET TYPE CRUDE OIL,15.0,"35° 57' 3""","-96° 45' 21"""
2007,CRUDE OIL,8.0,34.20980N,97.54350 W
2007,CRUDE OIL,1.0,32.0166 N,102.0264 W
2007,CRUDE OIL,10.0,N 35  12.659   ,W 98  27.417
2007,CRUDE OIL,21.0,33.91400 N,98.43800 W
2007,CRUDE OIL,1.0,"47° 41' 22""","-95° 24' 35"""
2007,CRUDE OIL,465.0,N32 01.498,W102 00.799
2007,CRUDE OIL,200.0,29 43 59.93,95 12 39.43
2007,CRUDE OIL,22.0,32.59476,-97.08444
2007,CRUDE OIL,1.0,32.26790 N,95.01860 W
2007,CRUDE OIL,4.0,32.3875,-99.7169
2007,CRUDE OIL,20.0,-99.3194,37.4336
2007,CRUDE OIL,20.0,31.87066 N,102.43157 W 
2006,CRUDE OIL,20.0,33.8632,-97.9529
2006,CRUDE OIL,5.0,32.9392,-97.2961
2006,CRUDE OIL,20.0,32.0715,-96.4707
2006,CRUDE OIL,15.0,32.6328,-99.8044
2006,CRUDE OIL,3.0,32.0715,-96.4707
2006,CRUDE OIL,20.0,32.4392,-94.8269
2006,CRUDE OIL,4.0,30.8362,-95.1726
2006,CRUDE OIL,30.0,31.7777,-96.3943
2007,CRUDE OIL,8.0,32.6099,-94.2223
2007,CRUDE OIL,4.0,32.0677,-96.4695
2007,CRUDE OIL,25.0,35.9871,-96.7464
2007,CRUDE OIL,4.0,32.0676,-96.4709
2007,CRUDE OIL,3.0,33.8396667 N,118.2050333 W
2007,CRUDE OIL,100.0,30.6586,-94.9720
2007,CRUDE OIL,2.0,"N 33D 47' 57.15""","W 118D 13' 22.69"""
2007,CRUDE OIL,40.0,34.20980 N,97.54350 W
2007,CRUDE OIL,50.0,34.6348,-97.4401
2007,CRUDE OIL,1.0,32.529731,103552244
2007,CRUDE OIL,1.0,N 32  01.498,W102  00.79
2007,CRUDE OIL,15.0,31.0327778 N,89.4319444 W
2007,CRUDE OIL,40.0,33.7632833 N,118.2294667 W
2007,CRUDE OIL,2.0,32.26721,-91.33407
2007,CRUDE OIL,20.0,34.48050 N,97.54690 W
2007,ALASKA NORTH SLOPE CRUDE OIL,5.0,61.08355,146.36679
2007,CRUDE OIL,40.0,42.862295N,106.246850W
2007,CRUDE OIL,400.0,35.059146 N,119.011555 W
2007,CRUDE OIL,403.0,30° 40.97'N,91° 43.80'W 
2007,CRUDE OIL,3.0,40-07-85.1,104-48-43.7
2007,CRUDE OIL,600.0,31.870802 N,102.431884 W
2007,CRUDE OIL,7.0,118 HR 55 MIN 35 SEC,34 HR 55 MIN 8 SEC
2007,CRUDE OIL,3.0,32.26.888,102.32.457
2007,CRUDE OIL,25.0,41.5569,-87.8886
2007,CRUDE OIL,5.0,32.3871,-99.7169
2007,CRUDE OIL,4.0,41.5275,-87.4930
2007,CRUDE OIL,4.0,35.9459,-96.7475
2007,CRUDE OIL,3.0,32.4950,-98.6359
2007,CRUDE OIL,10.0,35.257001,-100.924803
2007,CRUDE OIL,150.0,37.266391667,109.308038889
2007,CRUDE OIL,39.0,35.084221,119.284166
2007,CRUDE OIL,3.0,38.6172,-94.4993
2007,CRUDE OIL,3.0,29.3489905,94.9392566
2007,CRUDE OIL,30.0,31.4744,-94.9174
2007,CRUDE OIL,21.0,32.482683 N,94.852633 W
2007,CRUDE OIL,0.0,35.36.781,097.40.689
2007,CRUDE OIL,20.0,35.9866,-96.7472
2007,CRUDE OIL,4169.0,39.0726318,-91.3715415
2007,CRUDE OIL,267.0,45DEG 46' 43.29,108DEG 29' 19.18
2005,CRUDE OIL,8.0,42.18.518,107.52.350
2007,CRUDE OIL,2.0,38-13-56 N,97-59-56 W
2007,CRUDE OIL,30.0,"45° 47' 10""","-84° 46' 28"""
2007,CRUDE OIL,1.0,"42.13'34""","104.41'34"""
2007,CRUDE OIL,1.0,32.9187833 N,95.6003167 W
2007,CRUDE OIL,6.0,42.227710N,-104.692081W
2007,CRUDE OIL (SMILEY COLEVILLE HEAVY),12.0,N38 47.097MIN,W89 04.963MIN
2007,CRUDE OIL,10.0,35.7389,-96.0950
2007,CRUDE OIL,2.0,"33,0026.0","10258,31.131.1"
2007,CRUDE OIL,14.0,35.5035,119.8102
2007,CRUDE OIL,3.0,N29  20 51,W094  55 90
2007,CRUDE OIL,30.0,31.0341667 N,89.4483333 W
2007,CRUDE OIL,1.0,35.9459,-96.7475
2007,CRUDE OIL,38.0,"42.23'01""","78.55'05"""
2007,CRUDE OIL,1.0,32.8828,-91.0523
2007,CRUDE OIL,2.0,42.5833333 N,1O7.1333333 W
2007,CRUDE OIL,400.0,31.3967333 N,91.0239833 W
2007,CRUDE OIL,8.0,35°59¿48.08¿N,119°57¿42.84¿W
2007,CRUDE OIL,13.0,43.86032,-108.16460
2007,CRUDE OIL,75.0,32.4905,-94.8643
2007,CRUDE OIL,25.0,370243 N,1015119 W
2007,CRUDE OIL,3.0,N.W. 29.7281413,95.2203967
2007,SWEET CRUDE OIL,40.0,44.46936,-105.56855
2007,CRUDE OIL,2.0,33.0784,-97.4049
2007,CRUDE OIL,20.0,364025.68,970607.47
2007,CRUDE OIL,2.0,35.8587 N,97.2471 W
2008,CRUDE OIL,777.0,30.05565,-90.59942
2008,CRUDE OIL,31322.0,N3303001,W102'57211
2008,CRUDE OIL,50.0,31.1608,-94.6747
2008,CRUDE OIL,90.0,31.8073333 N,102.453333 W
2008,CRUDE OIL,42.0,N29.44955,95.07814
2008,CRUDE OIL,5.0,30.0111,-90.83889
2008,CRUDE OIL,4.0,31.634385 N,101.709036 W
2008,CRUDE OIL,1.0,38.6172,-94.4993
2008,CRUDE OIL,265.0,N47.61485,W-103.65788
2008,CRUDE OIL,265.0,29.69194,-91.23139
2008,CRUDE OIL,17.0,N 33.48.43,W 118.14.04
2008,CRUDE OIL,1.0,31.4783,-97.3018
2008,CRUDE OIL,470.0,N29 46.330,W096 02.202
2008,CRUDE OIL,31.0,33.8073,118.2324
2008,CRUDE OIL,3.0,42.22368,-104.69754
2008,CRUDE OIL,8.0,41.4110,-87.9910
2008,CRUDE OIL,2.0,41.4110,-87.9910
2008,CRUDE OIL,4.0,41.2293,-83.6398
2008,CRUDE OIL,30.0,37.0592,-101.6628
2007,CRUDE OIL,3.0,29'43.17,94'45.825
2008,CRUDE OIL,3.0,N35 56.8018,W096 44.9224
2008,CRUDE OIL,3.0,N33°48.4383,W118°13.9489
2006,BAKKEN CRUDE OIL,10.0,48.14.018,105.7.743
2007,CRUDE OIL,25.0,N48DEG 37 MIN 30.9 S,W112 18MIN 55.4 SEC
2008,CRUDE OIL,30.0,41.51492,-87.46569
2008,CRUDE OIL,2.0,41.07730,-88.88931
2008,CRUDE OIL,5.0,38.6172,-94.4993
2008,CRUDE OIL,1.0,42.5152,106.2430
2008,CRUDE OIL,25.0,36.00332596,-96.02257983
2008,CRUDE OIL,285.0,40.7021,-84.1254
2008,CRUDE OIL,10.0,36.0100,-96.5602
2008,CRUDE OIL,2.0,-99.3194,37.4336
2008,CRUDE OIL,3.0,29.7,-95.25
2007,CRUDE OIL,2.0,2937.4,9411.81
2008,CRUDE OIL,30.0,41.056 N,111.044
2008,CRUDE OIL,20.0,31.1749,-94.6802
2008,CRUDE OIL,3.0,"35 56' 37.41""","96 45' 15.98"""
2006,CRUDE OIL,5.0,2937.40,9411.81
2008,CRUDE OIL,1600.0,47.693348,-95.430987
2008,CRUDE OIL,700.0,33.58.55,101 12.10
2008,CRUDE OIL,20.0,N32 65.20,W103 13.92
2008,CRUDE OIL,147.0,N33 55.753,W117 54.649
2008,CRUDE OIL,5.0,"45° 48' 1.2""","-91° 25' 56"""
2008,CRUDE OIL,100.0,32.0684,-96.4708
2008,CRUDE OIL,10.0,36.0290,-89.2443
2008,CRUDE OIL,6.0,"47° 42' 55""","-95° 29' 43"""
2008,CRUDE OIL,2.0,32.4819,-94.8351
2008,CRUDE OIL,6679.0,34:18:47.72N,119:17:12.03W
2008,CRUDE OIL,21.0,32.05439608 N,91.53781023 W
2008,CRUDE OIL,2.0,47.96843,-104.98288
2008,CRUDE OIL,2.0,38.78834 N,89.06550 W
2008,CRUDE OIL,4.0,32.83222 N,95.48688 W
2008,CRUDE OIL,20.0,30.1410,-94.3976
2008,CRUDE OIL,4.0,36.4192,-97.8489
2008,CRUDE OIL,10.0,30.1207,-94.6472
2008,CRUDE OIL,19.0,N33 50 51,W118 19 4
2008,CRUDE OIL,20.0,N28 56.928,W095 25.923
2008,CRUDE OIL,1.0,42.557402N,-107.007897W
2008,CRUDE OIL,25.0,-100.5703,37.14033
2008,CRUDE OIL,10.0,31.4783,-97.3018
2008,CRUDE OIL,119.0,"45°28'45""","108°51'08"""
2008,CRUDE OIL,6.0,41 44 26,-86 30 21
2008,CRUDE OIL,3.0,41.6766,-83.4720
2008,CRUDE OIL,20.0,-100.5703,37.14033
2008,CRUDE OIL,4.0,N47.61485,W103.65788
2008,CRUDE OIL,3.0,N30.28648,W-96.78111
2008,CRUDE OIL,40.0,32.5323,-100.8302
2008,CRUDE OIL,50.0,N 30 28 34.4,W 091 13 11.9
2008,CRUDE OIL,20.0,31.03375 N,89.4480833 W
2008,CRUDE OIL,70.0,"42°51'52""","106°24'30"""
2008,CRUDE OIL,65.0,N 29°47¿ 50.238¿,W 90°41¿ 20.147¿
2008,CRUDE OIL,4.0,32.0684,-96.4708
2008,CRUDE OIL,18.0,40.7067,-84.1240
2008,CRUDE OIL,80.0,40.7021,-84.1254
2008,CRUDE OILE,42.0,N29 04 48.37,W095 48 04.64
2008,CRUDE OIL,21.0,31.711270 N,102.61440 W
2008,CRUDE OIL,130.0,N 36.68087,W 107.99182
2008,CRUDE OIL,72.0,35.9905,-96.5785
2008,CRUDE OIL,17.0,-98.43618,38.2902
2008,CRUDE OIL,3700.0,N32 36.034,W103 03.550
2008,CRUDE OIL,80.0,N29.70645,W95.22297
2008,CRUDE OIL,15.0,30.4506,-95.2669
2008,CRUDE OIL,37.0,40.8491,-88.22784
2008,CRUDE OIL,550.0,44.55986,105.49060
2008,CRUDE OIL,5.0,36.4175,-97.8453
2008,CRUDE OIL,35.0,N29 43.94,W095 13.66
2008,CRUDE OIL,42.0,-98.585,38.1008
2008,CRUDE OIL,10.0,37° 02' 02,-95° 53' 19
2008,CRUDE OIL,3.0,-98.585,38.1008
2008,CRUDE OIL,6.0,32.5112,-94.8519
2008,LIGHT SWEET CRUDE OIL,60.0,47.96844,104.98321
2008,CRUDE OIL (COLD LAKE),3.0,N38 46 39.7,W89 5 7.9
2008,CRUDE OIL,80.0,37.21167,-95.78806
2008,CRUDE OIL,115.0,"46° 41' 16""","-90° 03' 31"""
2008,CRUDE OIL,20.0,28.605876,-97.800364
2008,CRUDE OIL,2.0,N34 09.86,W097 32.59
2008,CRUDE OIL,14.0,36.044106N,107.610227W
2008,CRUDE OIL,2.0,-119.39275N,35.09787W
2008,CRUDE OIL,20.0,"41° 30' 24""","-87° 27' 12"""
2008,"CRUDE OIL, COLD LAKE",15.0,N38 46 39.7,W89 5 7.9
2008,CRUDE OIL,12.0,32.9491,93.1679
2008,CRUDE OIL,50.0,N36.474,W108.127
2008,CRUDE OIL MIXTURE,2.0,29.28,90.15
2008,CRUDE OIL,2.0,29.4711,90.2530
2008,CRUDE OIL,1.0,29.5741,90.6125
2008,CRUDE OIL,2.0,29.25.1268,94.42.2890
2008,CRUDE OIL,30.0,N41DEG 32MIN 56SEC,W87DEG 52MIN 32SEC
2008,CRUDE OIL,75.0,32.52227 N    ,94.94580 W
2008,CRUDE OIL,1.0,32.4404,-94.8268
2008,CRUDE OIL,4.0,32.07845 N,103.17933 W
2008,CRUDE OIL,42.0,N29 20 51,W094 55 90
2008,CRUDE OIL,2.0,37.72,-121.54
2008,CRUDE OIL,3650.0,38.9899,-84.7086
2008,CRUDE OIL,25.0,-101.2878,36.8052
2008,CRUDE OIL,30.0,N32 45.475,W90 34.012
2008,CRUDE OIL,8.0,30.4759178,-91.1921560
2008,CRUDE OIL,5.0,118.52863W,-34.51624N
2008,CRUDE OIL,30.0,35.837965 N,97.335740 W
2008,CRUDE OIL,180.0, 35° 10.120'N  ,119° 27.672'W 
2008,CRUDE OIL,10.0,"46° 41' 06""","-92° 03' 35"""
2008,CRUDE OIL,19.0,45.141920,-109.007934
2008,CRUDE OIL,15.0,32.06839,-96.4708
2008,CRUDE OIL,2.0,"38° 23' 42""","-94° 30' 47"""
2008,CRUDE OIL,2.0,32.8828,-91.0522
2008,CRUDE OIL,6.0,35.9459,96.7475
2008,CRUDE OIL,3.0,N32 12.403,W102 21.720
2008,CRUDE OIL,10.0,33.9145167 N,98.4368000 W
2008,CRUDE OIL,40.0,38.786725,-89.065446
2008,CRUDE OIL,10.0,42.9007,-82.5111
2008,CRUDE OIL,10.0,29.370290 N,89.540536 W
2008,CRUDE OIL,10.0,30.0111,-90.8386
2008,CRUDE OIL,140.0,35.36924,-119.08702
2008,CRUDE OIL,30.0,33.8647222 N,118.167500 W
2008,CRUDE OIL,20.0,N27.52174,W-97.13647
2008,CRUDE OIL,13.0,36.0333,-87.9437
2008,CRUDE OIL,5.0,37.0831°,-96.4067°
2008,CRUDE OIL,30.0,42.8618,-82.6877
2009,CRUDE OIL,39.0,35.44756,-119.04349
2009,CRUDE OIL,8.0,37.2531,-121.1172
2009,CRUDE OIL,3.0,33*48'26.7N,118*19'46.7W
2009,CRUDE OIL,20.0,32.70442 N,102.16168 W
2009,CRUDE OIL,10.0,N33 3.593,W95 16.277
2008,CRUDE OIL,450.0,29.79023,-95.27753
2009,CRUDE OIL,10.0,35.9868,-96.7487
2009,CRUDE OIL,10.0,35.76920 N,97.69410 W
2009,CRUDE OIL,10.0,32.52021 N,94.92702 W
2009,CRUDE OIL,1.0,32.523210 N  ,94.935550 W
2009,CRUDE OIL,20.0,N32DEG 29.586MIN,W94DEG 49.799MIN
2009,CRUDE OIL,1174.0,37.033516,-96.769414
2009,CRUDE OIL,2.0,N32 19 50,W102 35 02
2009,CRUDE OIL,35.0,38.78925 N,89.06502 W
2009,CRUDE OIL,20.0,41.0833333 N,111.0777778 W
2009,CRUDE OIL,8.0,39.0355,-84.6902
2009,CRUDE OIL,15.0,32.4819,-94.8351
2009,ANS CRUDE OIL,6.0,N70.2576,W-148.6192
2009,CRUDE OIL,40.0,N44.4606,W105.4465
2009,CRUDE OIL,4.0,-118.163396,33.863186
2009,CRUDE OIL,1.0,31.98440 N,102.49653 W
2009,CRUDE OIL,20.0,29.71,-95.25
2009,CRUDE OIL,1250.0,41.2186,-83.6436
2009,CRUDE OIL,126.0,N29 57.15,W096 51.70
2009,CRUDE OIL,2.0,36.4875N,108.1359W
2009,CRUDE OIL,20.0,46-23.542,104-26.959
2009,CRUDE OIL,20.0,29.9792,-93.9386
2009,HEAVY CRUDE OIL,20.0,33.76400 N,118.22700 W
2009,CRUDE OIL,6.0,29.288381 N,89.364569 W
2009,CRUDE OIL,1400.0,31.3581,-97.1753
2009,CRUDE OIL,166.0,118.52863W,-34.51624N
2009,CRUDE OIL,75.0,32 57' 14.14,98 19' 31.96
2009,CRUDE OIL,30.0,N41 33.2540,W87 53.1917
2009,CRUDE OIL,3.0,32.654886 N,103.137475 W
2009,CRUDE OIL,10.0,29.71,-95.25
2009,CRUDE OIL,4.0,37.966207,-84.177238
2009,CRUDE OIL,5.0,35.13525,-119.33606
2009,CRUDE OIL,2.0,"-46° 56' 20""","-92° 56' 17"""
2009,CRUDE OIL,25.0,33.95040,-117.92394
2009,CRUDE OIL,48.0,32.152578,-97.374402
2009,CRUDE OIL,84.0,33.006783,102.975128
2009,CRUDE OIL,4.0,"31, 5700","102, 36"
2009,CRUDE OIL,21.0,"32, 4103","103, 0366"
2009,CRUDE OIL,37.0,N40.40142099619,W110.75850994726
2009,CRUDE OIL,450.0,31.615350 N,102.94460 W
2009,CRUDE OIL,8.0,119.5646W,35.2158N
2009,CRUDE OIL,20.0,31.6903,-97.5292
2009,CRUDE OIL,4.0,32.0727,-98.4644
2009,CRUDE OIL,248.0,32.4392,-94.8269
2009,CRUDE OIL,2.0,"37° 48' 10""","-96° 54' 51"""
2009,CRUDE OIL,25.0,29.9344,-94.1312
2009,CRUDE OIL,5.0,31.93724,-90.50935
2009,CRUDE OIL,1.0,32.4404,-94.8268
2009,CRUDE OIL,3.0,32.4404,-94.8268
2009,CRUDE OIL,20.0,31.43515 N,91.07300 W
2009,CRUDE OIL,8.0,28.279548,-97.295164
2009,CRUDE OIL,2.0,34.55135,-118.55576
2009,MID KANSAS/CRUDE OIL,150.0,N39-06-20.5,W099-10-21.9
2009,CRUDE OIL,5.0,46° 48' 42,-92° 45' 41
2009,CRUDE OIL,6.0,N34.45755,W097.51008
2009,CRUDE OIL,4.0,N29 20 51,W094 55 90
2009,CRUDE OIL,25.0,31.16525,90.7775
2009,CRUDE OIL,15.0,32.68792,102.65092
2009,CRUDE OIL,3416.0,32.5323,-100.8298
2009,CRUDE OIL,2.0,32.5485,103.24936
2009,CRUDE OIL,30.0,N 30 00 38.9 , W 90 51 39.4
2009,CRUDE OIL,5.0,N 29°37¿ 55.17,W 91°31¿ 53.10
2009,CRUDE OIL,2.0,32.06839,-96.4708
2009,CRUDE OIL,3.0,35.93679 N,96.74378 W
2009,CRUDE OIL,2.0,31.76347 N,103.17366 W
2009,CRUDE OIL,50.0,N29 20 51,W094 55 90
2009,CRUDE OIL,60.0,N34.21723,W098.16653
2009,CRUDE OIL,1.0,34.6208,-97.1729
2009,CRUDE OIL,5.0,30.0111,-90.8386
2009,COLD LAKE CRUDE OIL,2.0,N38 46 40,W89 5 8
2009,CRUDE OIL,4.0,43.29335 N,107.62495 W
2009,CRUDE OIL,37.0,35.944644,96.751208
2009,CRUDE OIL,10.0,N33.24908,W098.7035
2009,CRUDE OIL,4.0,32.2854,-97.7647
2009,CRUDE OIL HLS (HEAVY LOUISIANA SWEET),5.0,N29 15 10,W89 57 55
2009,CRUDE OIL,1.0,36.4192,-97.8489
2009,CRUDE OIL,8.0,32.9187,-92.1586
2009,RESIDUAL CRUDE OIL,1.0,-39.07011613,-91.36250484
2009,CRUDE OIL,1200.0,32.39068,-93.84611
2009,CRUDE OIL,88.0,N37DEG 54.394,W97DEG51.379
2009,CRUDE OIL,2500.0,29.8169,-94.8833
2009,CRUDE OIL,40.0,31.13698 N,102.19215 W
2009,CRUDE OIL,3.0,35.130,119.491
2009,CRUDE OIL,4.0,32.4668,-94.8666
2009,CRUDE OIL,3.0,33.936219,98.496772
2009,CRUDE OIL,298.0,30.154183,93.334494
2009,CRUDE OIL,725.0,43.447583,106.206083
2009,CRUDE OIL,18.0,38.87552 N,102.16522 W
2009,CRUDE OIL,3.0,33.914167 N,98.4377667 W
2009,CRUDE OIL,4.0,N28 57 00 77,W095 25 53 28
2009,CRUDE OIL,5.0,"42° 41' 49""","-83° 46' 21"""
2009,CRUDE OIL,5.0,46° 41' 6,-92° 3' 45
2009,CRUDE OIL,2.0,32.4668,-94.8666
2009,CRUDE OIL,1240.0,33.913020,-98.433816
2009,CRUDE OIL,21.0,37  5'1.77,96 22'18.09
2009,CRUDE OIL (BURNED),220.0,32.8793,-91.0516
2009,CRUDE OIL,10.0,36.1903,-120.3561
2009,CRUDE OIL,4.0,28.606667,-97.801667
2009,CRUDE OIL,25.0,41.065580 N,111.056230 W
2009,CRUDE OIL,2.0,32.4393,-94.8252
2009,CRUDE OIL,3.0,37  5' 1.8,96  22' 15.46
2009,CRUDE OIL,1.0,41° 33' 20,-87° 53' 7
2009,CRUDE OIL,2.0,30.7938467 N,88.2061383 W
2009,CRUDE OIL,20.0,32.06839,-96.4708
2009,CRUDE OIL,3.0,46.8197,-95.1489
2009,CRUDE OIL,8.0,32.06839,-96.4708
2009,CRUDE OIL,5000.0,46.30965,-94.72790
2009,CRUDE OIL,2.0,40 15' 52' N,106 24' 30' W
2009,CRUDE OIL,120.0,29.418782,94.704811
2009,CRUDE OIL,2.0,32.0133167 N,102.011650 W
2009,CRUDE OIL,10.0,46.27'23,108.45'38
2009,CRUDE OIL,4.0,34 06.3236,100 52.2773
2009,CRUDE OIL,100.0,N32.55620,W102.98232
2009,CRUDE OIL,10.0,34N18:25,119W18:25
2009,CRUDE OIL,20.0,29.9003,-93.9635
2009,CRUDE OIL,103.0,32.0684,-96.4708
2009,CRUDE OIL,1.0,32.5184,-94.8516
2009,CRUDE OIL,5.0,N37 48.2135,W96 54.9214
